keyword,title,text,topImage,date,author,description,links,_id
Taylor Swift,Emily Ratajkowski curses Ellen DeGeneres after Taylor Swift interview...,"Ellen DeGeneres finds herself, once again, under fire for her treatment of a celebrity guest on her now- canceled daytime show.
Emily Ratajkowski slammed the TV megastar on Friday for humiliating Taylor Swift, 33, when her career was getting underway.
‚ÄúThis is so f‚Äìked up. She‚Äôs literally begging her to stop,‚Äù the 31-year-old model states in the comments section of a video that went viral this week on TikTok.
The Post reached out to a rep for DeGeneres, 64, for comment.
The TikToker stitched two clips of Swift together. One is her 2019 interview with Zane Lowe and the other is her 2012 appearance on DeGeneres‚Äô show. The user seems to imply that Swift was dissing her experience on DeGeneres‚Äô show during her discussion with Lowe, although Swift doesn‚Äôt name names.
‚ÄúThis is so f‚Äìked up. She‚Äôs literally begging her to stop,‚Äù Ratajkowski commented on a viral video of the decade-old interview. Getty Images
In the Lowe segment, Swift alludes to an old interview that made her feel uncomfortable when she was 23, saying that people at the time were ‚Äúreducing‚Äù her to who she dated, ‚Äúmaking slideshows of my dating life and putting people in there that I had sat next to at a party once.‚Äù
They were ‚Äúdeciding that my songwriting was a trick, rather than a skill and a craft,‚Äù she said candidly to Lowe on Apple Music‚Äôs¬†Beats¬†1.
‚ÄúIt‚Äôs a way to take a woman who is doing her job and succeeding at doing her job and making things, and in a way, it‚Äôs figuring out how to completely minimize that skill,‚Äù Swift continued.

In the 2012 clip, DeGeneres torments the singer with a slideshow of photos of Swift with an array of different men. From Taylor Lautner to Justin Bieber, DeGeneres prods the ‚ÄúAll Too Well‚Äù crooner to dish which guy she sings about on her album.
‚ÄúI don‚Äôt want to,‚Äù she pleads when DeGeneres asks her to ring a bell when a muse‚Äôs photo appears on screen. ‚ÄúThey‚Äôll send me angry emails, and I don‚Äôt want to get them.‚Äù
Emily Ratajkowski slammed Ellen DeGeneres on Friday for humiliating Taylor Swift on her daytime show when her career was getting underway. Apple Music/YouTube
Swift, although young at the time, wasn‚Äôt afraid to push back.
‚ÄúStop it, stop it, stop!‚Äù the singer exclaims as DeGeneres sits in the chair opposite, grinning. ‚ÄúThis makes me feel so bad about myself. Every time I come up here, you put a different dude up there on the screen, and it just makes me really question what I stand for as a human being.‚Äù
Swift appeared on DeGeneres‚Äô show in 2012, when she was in her early 20s. Ellen Degeneres Show/YouTube
Swift was upset because she didn‚Äôt want to participate in a slideshow game of men she may have dated. Ellen Degeneres Show/YouTube
Under the TikTok clip, which has garnered 1.5 million views, viewers lit up the comments section, expressing their dismay and disgust for the longtime talk show host.
‚ÄúUnbelievable,‚Äù wrote popular content creator Tinx.
‚ÄúYou can literally hear in her voice how upset she is,‚Äù one user argued.
‚ÄúShe‚Äôs clearly visibly upset, but having to, like, ‚Äòperform‚Äô that she‚Äôs laughing it off because an audience of people is laughing at her,‚Äù one person stressed.
‚ÄúTaylor saying, ‚ÄòI don‚Äôt want to do it,‚Äô should have been enough for Ellen to stop,‚Äù someone else proclaimed.
‚ÄúEllen has some real sketch interviews,‚Äù someone else noted.
DeGeneres, who has apologized for ‚Äútoxic‚Äù workplace allegations from former staffers, has been called out for interviews some say missed the mark.
In 2008, the host outed Mariah Carey‚Äôs secret pregnancy when the pop singer pretended to take a sip of champagne. Later, following her miscarriage, Carey told Vulture she was ‚Äúuncomfortable‚Äù at the time.
In another instance, Dakota Johnson took a swipe at the host when DeGeneres wrongly accused the ‚Äú50 Shades of Grey‚Äù actress of not inviting her to a birthday bash.
‚ÄúActually, no, that‚Äôs not the truth, Ellen,‚Äù Johnson stated on air.
DeGeneres‚Äô show ended in May 2022 after 19 seasons.
The multihyphenate returned to the spotlight last month to express sorrow over the death of her on-air DJ, Stephen ‚ÄútWitch‚Äù Boss, who died by suicide at the age of 40.",https://nypost.com/wp-content/uploads/sites/2/2023/01/taylor-swift-comp-1.jpg?quality=75&strip=all&w=1024,2023-01-08 17:16:27+00:00,@brookenkato,"Ellen DeGeneres finds herself, once again, under fire for her treatment of a celebrity guest on her now-canceled daytime show. Emily Ratajkowski slammed the TV megastar on Friday for humiliating Taylor Swift,...","['https://nypost.com/2023/01/07/emily-ratajkowski-curses-ellen-degeneres-after-taylor-swift-interview-resurfaces/', 'https://wp.me/pb3Qpq-1I4zE', 'https://nypost.com/2023/01/07/emily-ratajkowski-curses-ellen-degeneres-after-taylor-swift-interview-resurfaces/amp/', 'https://news.google.com/__i/rss/rd/articles/CBMib2h0dHBzOi8vbnlwb3N0LmNvbS8yMDIzLzAxLzA3L2VtaWx5LXJhdGFqa293c2tpLWN1cnNlcy1lbGxlbi1kZWdlbmVyZXMtYWZ0ZXItdGF5bG9yLXN3aWZ0LWludGVydmlldy1yZXN1cmZhY2VzL9IBc2h0dHBzOi8vbnlwb3N0LmNvbS8yMDIzLzAxLzA3L2VtaWx5LXJhdGFqa293c2tpLWN1cnNlcy1lbGxlbi1kZWdlbmVyZXMtYWZ0ZXItdGF5bG9yLXN3aWZ0LWludGVydmlldy1yZXN1cmZhY2VzL2FtcC8?oc=5']",63bafcb788be8769f37f3a5c
Taylor Swift,Emily SLAMS 'f***ed up' Ellen and Taylor interview,"Emily Ratajkowski SLAMS 'f***ed up' old interview where Ellen DeGeneres quizzed Taylor Swift on her celeb boyfriends despite pop star 'literally begging her to stop' Published: 02:53 GMT, 8 January 2023 | Updated: 10:08 GMT, 8 January 2023
Emily Ratajkowski called Ellen DeGeneres out for an interview segment with Taylor Swift that aired back in 2012. During the talk-show appearance, Ellen played a game where she flashed pictures of famous men on the screen and asked if Taylor had dated them - despite the pop star pleading that she wanted to keep 'the one shred of dignity that I have.' Responding to the old clip on TikTok, Emily, 21, wrote in disgust: 'This is so f***ed up. She's literally begging her to stop.' Called out:¬†Emily Ratajkowski called Ellen DeGeneres out for an interview segment with Taylor Swift that aired back in 2012 Old interview: The 31-year-old model and actress took to Twitter to express her disgust at the old interview which has made the rounds on social media over the last couple years The old interview has made the rounds on social media over the last couple years leading up to Emily's denunciation. During the segment, Ellen explains that the pair are going to play a game. For the game, she tells the superstar, who turned 23 the year of the interview, that she'd show Swift a slideshow of men she'd reportedly dated and Swift would ring a bell for each man she actually dated. 'I don't know if I'm going to do this,' Swift said. 'This is the one thing that I have. It's like the one shred of dignity that I have.' Ellen continued pushing, however, and the game commenced with Swift repeatedly saying she didn't want to play and looking visibly uncomfortable during the segment. Not having it: Responding to the old clip on TikTok, Emily, 21, wrote in disgust: 'This is so f***ed up.,' adding: 'She's literally begging her to stop' The Anti-Hero singer talked about being reduced to the men she's dated in an interview with¬†Apple Beats' Zane Lowe years later. 'When I was, like, 23 people were just kind of reducing me to ‚Äî kind of making slideshows of my dating life and putting people in there that I‚Äôd sat next to at a party once and deciding that my songwriting was like a trick rather than a skill and a craft,' she said. A TikTok user made a side-by-side clip with the Ellen clip and the Zane Lowe interview which caught Ratajkoswki's attention. A game: During the segment, Ellen explains that the pair are going to play a game. For the game, she'd show Swift a slideshow of men she'd reportedly dated and Swift would ring a bell for each man she actually dated 'Dignity':¬†'I don't know if I'm going to do this,' Swift said. 'This is the one thing that I have. It's like the one shred of dignity that I have' Interview:¬†The Anti-Hero singer later talked about being reduced to the men she's dated in an interview with Apple Beats' Zane Lowe 'This is so f*cked up,' she wrote in the comments. 'She's literally begging her to stop.' Ellen had a number of uncomfortable interviews on her show over the years with different stars including Dakota Johnson. During one clip, Ellen ribbed Dakota for not inviting her to the 50 Shades of Gray star's birthday party before Dakota revealed she did invite her and was blown off. Side-by-side:¬†A TikTok user made a side-by-side clip with the Ellen clip and the Zane Lowe interview which caught Ratajkoswki's attention Blown off: During one clip, Ellen ribbed Dakota for not inviting her to the 50 Shades of Gray star's birthday party before Dakota revealed she did invite her and was blown off (pictured June 2022) She once asked comedian¬†Hasan Minhaj if she was pronouncing his name correctly, he told her she wasn't. After he said that, she nearly began arguing with him about it. The Ellen Show ended its run last year after 19 seasons amid a flurry of toxic workplace allegations. DeGeneres maintained that the show didn't end because of the allegations though she later called the allegations 'coordinated.' 'I felt like somebody had some kind of, you know? I mean, I really didn't understand it, I still don't understand it,' DeGeneres said on TODAY. 'Yeah, I thought I thought something was going on that that, because it was too orchestrated, it was too coordinated.' 'Coordinated':¬†DeGeneres maintained that the show didn't end because of the allegations though she later called the allegations 'coordinated' (pictured 2021)",https://i.dailymail.co.uk/1s/2023/01/08/08/66316575-0-image-a-45_1673165573467.jpg,2023-01-08 10:08:49+00:00,https://www.facebook.com/DailyMailCeleb,"Hadid s, Jenner & Baldwin joined: Emily Ratajkowski, Sara Sampaio, Madison Beer, Doutzen, Winnie Harlow, Kate Upton, Karlie Kloss, Sistine Stallone, Barbara Palvin, Hailey Baldwin & Teyana Taylor, Taylor Hill, Romee.","['https://www.dailymail.co.uk/tvshowbiz/article-11610207/Emily-Ratajkowski-SLAMS-Ellen-DeGeneres-Taylor-Swift-interview-f-cked-up.html', 'https://www.dailymail.co.uk/tvshowbiz/article-11610207/amp/Emily-Ratajkowski-SLAMS-Ellen-DeGeneres-Taylor-Swift-interview-f-cked-up.html', 'https://news.google.com/__i/rss/rd/articles/CBMihAFodHRwczovL3d3dy5kYWlseW1haWwuY28udWsvdHZzaG93Yml6L2FydGljbGUtMTE2MTAyMDcvRW1pbHktUmF0YWprb3dza2ktU0xBTVMtRWxsZW4tRGVHZW5lcmVzLVRheWxvci1Td2lmdC1pbnRlcnZpZXctZi1ja2VkLXVwLmh0bWzSAYgBaHR0cHM6Ly93d3cuZGFpbHltYWlsLmNvLnVrL3R2c2hvd2Jpei9hcnRpY2xlLTExNjEwMjA3L2FtcC9FbWlseS1SYXRhamtvd3NraS1TTEFNUy1FbGxlbi1EZUdlbmVyZXMtVGF5bG9yLVN3aWZ0LWludGVydmlldy1mLWNrZWQtdXAuaHRtbA?oc=5']",63bafcb988be8769f37f3a5d
Taylor Swift,"No, SZA Doesn‚Äôt ‚ÄòHave Beef‚Äô With Taylor Swift","SZA actually ""loved her album and the writing,"" so stans stop starting sh*t

On ‚ÄúKill Bill,‚Äù SZA sings about wanting to kill her ex, not Taylor Swift. Get it right, stans! SZA clarified that she and the Midnights singer aren‚Äôt fighting after stans conflated the two artists promoting their music with the two women fighting.

After thanking her fans for ‚Äúcopping‚Äù digital versions of some of her SOS songs, SZA told her fans to stop coming for Swifties.

‚ÄúUhh I feel silly that I even have to say this but I see supporters arguing and I hate that,‚Äù SZA tweeted. ‚ÄúI don‚Äôt have beef w ANYONE especially not Taylor lmao.‚Äù

Complimenting Swift‚Äôs LP Midnights , SZA wrote, ‚ÄúI genuinely loved her album and the writing! Everyone‚Äôs jus tryna do their BEST as we all should. LOVE TO EVERYONE.‚Äù

Uhh I feel silly that I even have to say this but i see supporters arguing and I hate that . I don‚Äôt have beef w ANYONE especially not Taylor lmao I genuinely loved her album and the writing!Everyone‚Äôs jus tryna do their BEST as we all should . LOVE TO EVERYONE. Gn ü§ç ‚Äî SZA (@sza) January 6, 2023

SZA‚Äôs clarification came after an unfounded back-and-forth between SZA Camp and Swifties as both artists released digital versions of some of their respective album‚Äôs songs to boost sales and reach the coveted No. 1 slot on the Billboard 200. (SOS currently sits at No. 1.)

To beat out SOS, Swift shared four different ‚Äú Midnights digital albums‚Äù that featured ‚Äúbehind the song‚Äù bonus material. Meanwhile, SZA dropped digital albums with different cover art, and additional solo versions of songs ‚ÄúPSA‚Äù and ‚ÄúOpen Arms.‚Äù

Rolling Stone recently sat down with SZA to speak about her LP SOS and how it showed that though she‚Äôs ‚Äúa kind person, I‚Äôm not a nice person.‚Äù

Trending

‚ÄúI think this album was partially inspired by love lost, but mostly inspired by my departure from attempting to be a nice girl,‚Äù she said. ‚ÄúI‚Äôve tried to be a nice girl for so long and it‚Äôs just not who I am, inherently.‚Äù

She added, ‚ÄúI think coming to terms with that and really expanding upon that and exploring that is kind of like this new chapter in my life.‚Äù",https://www.rollingstone.com/wp-content/uploads/2023/01/sza-taylor.jpg?w=1600&h=900&crop=1,2023-01-06 21:30:24+00:00,Tom√°s Mier,"SZA actually ""loved her album and the writing,"" so stans stop starting sh*t 				 	On ‚ÄúKill Bill,‚Äù SZA sings about wanting to kill her ex, not Taylor Swift. Get it right, stans! SZA clarified that she and the...","['https://www.rollingstone.com/music/music-news/sza-doesnt-have-beef-taylor-swift-1234657122/', 'https://www.rollingstone.com/?p=1234657122', 'https://www.rollingstone.com/music/music-news/sza-doesnt-have-beef-taylor-swift-1234657122/amp/', 'https://news.google.com/__i/rss/rd/articles/CBMiW2h0dHBzOi8vd3d3LnJvbGxpbmdzdG9uZS5jb20vbXVzaWMvbXVzaWMtbmV3cy9zemEtZG9lc250LWhhdmUtYmVlZi10YXlsb3Itc3dpZnQtMTIzNDY1NzEyMi_SAV9odHRwczovL3d3dy5yb2xsaW5nc3RvbmUuY29tL211c2ljL211c2ljLW5ld3Mvc3phLWRvZXNudC1oYXZlLWJlZWYtdGF5bG9yLXN3aWZ0LTEyMzQ2NTcxMjIvYW1wLw?oc=5']",63bafcbb88be8769f37f3a5e
Taylor Swift,SZA Just Shut Down Rumors That She's Feuding With Taylor Swift Amid Their Battle For The Top Of The Charts,"SZA is speaking out about the rumors that she's feuding with Taylor Swift ‚Äî and she's shutting things down.

Since the release of SZA's album SOS back in December, SOS and Taylor's album Midnights have been battling for the top of the charts.

While Taylor has sat atop charts like Billboard's Artist 100 and Top Album Sales, SZA has held the No. 1 spot on the Billboard 200 for three consecutive weeks.

This past week in particular, SZA made a major push to rule all of the charts, releasing a $5 version of her album featuring new verses.

But amid the competition for the top of the charts, fans have pitted SZA and Taylor against each other ‚Äî leading some to believe that there's beef between them.

SZA took to Twitter to shut down the rumors, explaining that there's absolutely no bad blood between them.

""Uhh I feel silly that I even have to say this but i see supporters arguing and I hate that,"" SZA wrote.

Uhh I feel silly that I even have to say this but i see supporters arguing and I hate that . I don‚Äôt have beef w ANYONE especially not Taylor lmao I genuinely loved her album and the writing!Everyone‚Äôs jus tryna do their BEST as we all should . LOVE TO EVERYONE. Gn ü§ç

05:21 AM - 06 Jan 2023

Twitter: @sza

She continued, ""I don‚Äôt have beef w ANYONE especially not Taylor lmao I genuinely loved her album and the writing!""

SZA added that ""everyone‚Äôs jus tryna do their BEST"" and sent her love ""to everyone.""

Now that SZA has cleared the air, it's nice to know that these two superstars are supporting each other!

BuzzFeed Daily Keep up with the latest daily buzz with the BuzzFeed Daily newsletter!","https://img.buzzfeed.com/buzzfeed-static/static/2023-01/6/18/enhanced/1f1b1fa1db56/original-2557-1673028147-13.jpg?crop=1245:622;0,0%26downsize=1250:*",,,"SZA is speaking out about the rumors that she's feuding with Taylor Swift ‚Äî and she's shutting things down.     Since the release of SZA's album SOS back in December, SOS and Taylor's album Midnights...","['https://www.buzzfeed.com/alexgurley/sza-taylor-swift-beef-rumors', 'https://news.google.com/__i/rss/rd/articles/CBMiQGh0dHBzOi8vd3d3LmJ1enpmZWVkLmNvbS9hbGV4Z3VybGV5L3N6YS10YXlsb3Itc3dpZnQtYmVlZi1ydW1vcnPSAQA?oc=5']",63bafcbe88be8769f37f3a5f
Taylor Swift,SZA Squashes Rumored 'Beef' with Taylor Swift and Says She 'Genuinely Loved' Her 'Midnights' Album,"""I don't have beef w ANYONE especially not Taylor lmao,"" tweeted SZA after fans accused her of competing with Swift for the No. 1 slot on the Billboard 200

Published on January 6, 2023 03:35 PM

SZA and Taylor Swift.
Photo: Getty (2)

SZA is hitting ""Snooze"" on rumors that she has anything but love for Taylor Swift.

Both artists' respective latest albums ‚Äî SZA's SOS and Swift's Midnights ‚Äî have the potential to nab the No. 1 spot on the Billboard 200 chart this week. But it's not a competition, the ""Shirt"" singer-songwriter ensured fans via Twitter on Thursday.

In a tweet posted at 11:59 p.m., SZA thanked fans for supporting her new record, emphasizing that there was only""1 minute left in the tracking"" period for this week's charts.
""thank you for STREAMING SOS And copping [digital versions],"" wrote the 33-year-old performer. ""Thank you CAMP for always DOING YOUR BIG ONE [...] LOVE TO EVERYONE ü§ç""

SZA.
Tim Mosenfelder/FilmMagic

After the tweet was posted, several Swifties criticized SZA with allegations that she was looking to outperform Midnights. ""and if taylor tweeted something like this, y'all losers will call her chart obsessed,"" read one Twitter user's post amid a flurry of back-and-forth arguments from many fans discussing which they think deserves the No. 1 slot.

Less than 30 minutes after SZA's initial tweet was sent, she posted another, clarifying that she has nothing against Swift, 33, or her music.
""Uhh I feel silly that I even have to say this but i see supporters arguing and I hate that,"" wrote the Grammy winner.""I don't have beef w ANYONE especially not Taylor lmao""

She continued, ""I genuinely loved her album and the writing!Everyone's jus tryna do their BEST as we all should . LOVE TO EVERYONE. Gn ü§ç""

In an interview with the Rolling Stone Music Now podcast last month, the ""Good Days"" singer opened up about how she felt watching SOS top the musical charts ‚Äî and make her Spotify's No. 1 artist globally.
""I never thought in a million years that people would like it,"" SZA (whose real name is Sol√°na Imani Rowe) told the outlet at the time. ""My dad's visiting right now, with my mom. Everybody came down to make sure I didn't lose my mind if the album went bad once it came out. And now we're just hanging out, 'cause it didn't go badly!""",https://people.com/thmb/HK_cTUK7j0rpvvDQka2gbysoVJY=/1500x0/filters:no_upscale():max_bytes(150000):strip_icc():focal(749x0:751x2)/taylor-swift-sza-2-2e8c3f1d33994485a023f56c20de978a.jpg,,https://www.facebook.com/peoplemag,"""I don't have beef w ANYONE especially not Taylor lmao,"" tweeted SZA after fans accused her of competing with Swift for the No. 1 slot on the Billboard 200  Published on January 6, 2023 03:35 PM      SZA and...","['https://people.com/music/sza-squashes-rumored-beef-with-taylor-swift/', 'https://news.google.com/__i/rss/rd/articles/CBMiRWh0dHBzOi8vcGVvcGxlLmNvbS9tdXNpYy9zemEtc3F1YXNoZXMtcnVtb3JlZC1iZWVmLXdpdGgtdGF5bG9yLXN3aWZ0L9IBAA?oc=5']",63bafcc088be8769f37f3a60
